card_id,customer_id,credit_limit,avg_spend,fraud_history
CARD_CUST_0000_0,CUST_0000,10000,2381.7143353837987,0
CARD_CUST_0000_1,CUST_0000,10000,2381.7143353837987,0
CARD_CUST_0001_0,CUST_0001,2000,948.7736976137727,0
CARD_CUST_0002_0,CUST_0002,5000,298.8055726198518,0
CARD_CUST_0003_0,CUST_0003,2000,1072.759842594083,0
CARD_CUST_0004_0,CUST_0004,20000,1136.668044741078,0
CARD_CUST_0004_1,CUST_0004,20000,1136.668044741078,0
CARD_CUST_0005_0,CUST_0005,10000,4874.026490439004,0
CARD_CUST_0006_0,CUST_0006,5000,678.6058526941271,0
CARD_CUST_0006_1,CUST_0006,5000,678.6058526941271,0
CARD_CUST_0006_2,CUST_0006,5000,678.6058526941271,0
CARD_CUST_0007_0,CUST_0007,5000,3465.4761852213423,0
CARD_CUST_0008_0,CUST_0008,10000,2903.783445658589,0
CARD_CUST_0009_0,CUST_0009,10000,1356.9222369248562,0
CARD_CUST_0010_0,CUST_0010,5000,4564.737929978154,0
CARD_CUST_0011_0,CUST_0011,2000,2924.961573535959,1
CARD_CUST_0012_0,CUST_0012,2000,2096.721132808709,0
CARD_CUST_0013_0,CUST_0013,10000,417.09098677058273,0
CARD_CUST_0014_0,CUST_0014,20000,1508.2027975932358,0
CARD_CUST_0014_1,CUST_0014,20000,1508.2027975932358,0
CARD_CUST_0015_0,CUST_0015,1000,1622.1128273795955,0
CARD_CUST_0016_0,CUST_0016,1000,576.9176356820137,1
CARD_CUST_0016_1,CUST_0016,1000,576.9176356820137,1
CARD_CUST_0017_0,CUST_0017,5000,3992.842594549787,0
CARD_CUST_0018_0,CUST_0018,1000,4591.806442610147,0
CARD_CUST_0019_0,CUST_0019,20000,3702.1096560227074,0
CARD_CUST_0020_0,CUST_0020,5000,774.0523805038482,0
CARD_CUST_0021_0,CUST_0021,5000,2709.1175810335717,0
CARD_CUST_0022_0,CUST_0022,5000,350.8600912963244,0
CARD_CUST_0023_0,CUST_0023,10000,4556.319074845246,0
CARD_CUST_0024_0,CUST_0024,20000,1298.2311943597879,0
CARD_CUST_0025_0,CUST_0025,10000,4662.548731244351,0
CARD_CUST_0026_0,CUST_0026,10000,1352.5419897052498,0
CARD_CUST_0026_1,CUST_0026,10000,1352.5419897052498,0
CARD_CUST_0026_2,CUST_0026,10000,1352.5419897052498,0
CARD_CUST_0027_0,CUST_0027,2000,393.011091281616,0
CARD_CUST_0027_1,CUST_0027,2000,393.011091281616,0
CARD_CUST_0028_0,CUST_0028,1000,1654.4562892992697,1
CARD_CUST_0028_1,CUST_0028,1000,1654.4562892992697,1
CARD_CUST_0029_0,CUST_0029,5000,1101.7864075570697,0
CARD_CUST_0029_1,CUST_0029,5000,1101.7864075570697,0
CARD_CUST_0030_0,CUST_0030,5000,1751.3740736996251,0
CARD_CUST_0031_0,CUST_0031,1000,1418.7939868848546,0
CARD_CUST_0032_0,CUST_0032,1000,303.6057545921065,0
CARD_CUST_0032_1,CUST_0032,1000,303.6057545921065,0
CARD_CUST_0032_2,CUST_0032,1000,303.6057545921065,0
CARD_CUST_0033_0,CUST_0033,2000,2172.97766392751,1
CARD_CUST_0034_0,CUST_0034,5000,3467.3861674628806,0
CARD_CUST_0035_0,CUST_0035,10000,588.0959663970332,0
CARD_CUST_0036_0,CUST_0036,20000,3235.0679868491816,0
CARD_CUST_0037_0,CUST_0037,1000,923.4442110340615,0
CARD_CUST_0038_0,CUST_0038,10000,882.3013724845234,0
CARD_CUST_0038_1,CUST_0038,10000,882.3013724845234,0
CARD_CUST_0039_0,CUST_0039,5000,1873.5967390003009,0
CARD_CUST_0040_0,CUST_0040,2000,4221.008508355174,0
CARD_CUST_0041_0,CUST_0041,2000,479.37327101091563,0
CARD_CUST_0041_1,CUST_0041,2000,479.37327101091563,0
CARD_CUST_0041_2,CUST_0041,2000,479.37327101091563,0
CARD_CUST_0042_0,CUST_0042,10000,2742.322776108831,0
CARD_CUST_0043_0,CUST_0043,20000,4522.006674383986,0
CARD_CUST_0044_0,CUST_0044,5000,3684.587258577149,0
CARD_CUST_0045_0,CUST_0045,1000,1640.8759507702907,0
CARD_CUST_0045_1,CUST_0045,1000,1640.8759507702907,0
CARD_CUST_0046_0,CUST_0046,10000,995.7652609649941,0
CARD_CUST_0046_1,CUST_0046,10000,995.7652609649941,0
CARD_CUST_0046_2,CUST_0046,10000,995.7652609649941,0
CARD_CUST_0047_0,CUST_0047,20000,1562.8206787398353,0
CARD_CUST_0048_0,CUST_0048,20000,638.2463427053435,0
CARD_CUST_0048_1,CUST_0048,20000,638.2463427053435,0
CARD_CUST_0049_0,CUST_0049,10000,1959.0501659977276,0
CARD_CUST_0050_0,CUST_0050,1000,934.7310355545055,0
CARD_CUST_0050_1,CUST_0050,1000,934.7310355545055,0
CARD_CUST_0050_2,CUST_0050,1000,934.7310355545055,0
CARD_CUST_0051_0,CUST_0051,20000,1268.1811671026924,0
CARD_CUST_0051_1,CUST_0051,20000,1268.1811671026924,0
CARD_CUST_0052_0,CUST_0052,1000,1484.569323103262,0
CARD_CUST_0052_1,CUST_0052,1000,1484.569323103262,0
CARD_CUST_0053_0,CUST_0053,5000,2945.6201562040787,0
CARD_CUST_0054_0,CUST_0054,20000,513.9632135414804,0
CARD_CUST_0054_1,CUST_0054,20000,513.9632135414804,0
CARD_CUST_0054_2,CUST_0054,20000,513.9632135414804,0
CARD_CUST_0055_0,CUST_0055,20000,1127.6419559615545,0
CARD_CUST_0055_1,CUST_0055,20000,1127.6419559615545,0
CARD_CUST_0056_0,CUST_0056,10000,1613.3546819340113,0
CARD_CUST_0057_0,CUST_0057,5000,506.78259204662197,0
CARD_CUST_0057_1,CUST_0057,5000,506.78259204662197,0
CARD_CUST_0058_0,CUST_0058,5000,2936.2936164289517,0
CARD_CUST_0059_0,CUST_0059,2000,709.9927577673731,0
CARD_CUST_0059_1,CUST_0059,2000,709.9927577673731,0
CARD_CUST_0060_0,CUST_0060,1000,855.7823909217383,0
CARD_CUST_0061_0,CUST_0061,2000,2044.2721472300339,0
CARD_CUST_0061_1,CUST_0061,2000,2044.2721472300339,0
CARD_CUST_0062_0,CUST_0062,1000,3213.8931917534533,0
CARD_CUST_0063_0,CUST_0063,10000,4455.762314963167,1
CARD_CUST_0064_0,CUST_0064,5000,2434.8704870358088,0
CARD_CUST_0065_0,CUST_0065,2000,346.4011997074373,1
CARD_CUST_0066_0,CUST_0066,5000,809.8904607290469,0
CARD_CUST_0067_0,CUST_0067,10000,3189.8742839312013,0
CARD_CUST_0068_0,CUST_0068,5000,3259.6635271913915,0
CARD_CUST_0069_0,CUST_0069,2000,1750.1910701179806,0
CARD_CUST_0070_0,CUST_0070,2000,321.6835683941961,0
CARD_CUST_0071_0,CUST_0071,10000,1081.4870665942476,0
CARD_CUST_0071_1,CUST_0071,10000,1081.4870665942476,0
CARD_CUST_0072_0,CUST_0072,1000,3368.94740824511,0
CARD_CUST_0073_0,CUST_0073,20000,1045.4198606416303,0
CARD_CUST_0073_1,CUST_0073,20000,1045.4198606416303,0
CARD_CUST_0073_2,CUST_0073,20000,1045.4198606416303,0
CARD_CUST_0074_0,CUST_0074,5000,1918.8306651144858,1
CARD_CUST_0074_1,CUST_0074,5000,1918.8306651144858,1
CARD_CUST_0075_0,CUST_0075,1000,1694.783885078212,0
CARD_CUST_0076_0,CUST_0076,2000,3864.1492304187727,0
CARD_CUST_0077_0,CUST_0077,20000,1056.4113625536963,0
CARD_CUST_0077_1,CUST_0077,20000,1056.4113625536963,0
CARD_CUST_0078_0,CUST_0078,10000,1998.1405502070618,0
CARD_CUST_0079_0,CUST_0079,20000,3483.026093111077,0
CARD_CUST_0080_0,CUST_0080,1000,4362.554881064018,0
CARD_CUST_0081_0,CUST_0081,2000,1476.0809000126399,0
CARD_CUST_0081_1,CUST_0081,2000,1476.0809000126399,0
CARD_CUST_0082_0,CUST_0082,20000,3204.5104164875493,0
CARD_CUST_0083_0,CUST_0083,10000,1515.013411141442,0
CARD_CUST_0084_0,CUST_0084,5000,1055.8728816072953,0
CARD_CUST_0084_1,CUST_0084,5000,1055.8728816072953,0
CARD_CUST_0084_2,CUST_0084,5000,1055.8728816072953,0
CARD_CUST_0085_0,CUST_0085,2000,1735.8728055346953,0
CARD_CUST_0085_1,CUST_0085,2000,1735.8728055346953,0
CARD_CUST_0086_0,CUST_0086,10000,3525.873721721309,0
CARD_CUST_0087_0,CUST_0087,10000,2206.140952234778,0
CARD_CUST_0088_0,CUST_0088,1000,1464.4486809999,0
CARD_CUST_0088_1,CUST_0088,1000,1464.4486809999,0
CARD_CUST_0089_0,CUST_0089,2000,1400.0789562373025,0
CARD_CUST_0090_0,CUST_0090,20000,1345.2649269936328,0
CARD_CUST_0091_0,CUST_0091,1000,2013.0986536462153,0
CARD_CUST_0092_0,CUST_0092,20000,1499.5038322605876,0
CARD_CUST_0092_1,CUST_0092,20000,1499.5038322605876,0
CARD_CUST_0092_2,CUST_0092,20000,1499.5038322605876,0
CARD_CUST_0093_0,CUST_0093,5000,638.1760485734411,0
CARD_CUST_0094_0,CUST_0094,10000,1476.2509314958866,0
CARD_CUST_0094_1,CUST_0094,10000,1476.2509314958866,0
CARD_CUST_0095_0,CUST_0095,10000,888.7949088877983,0
CARD_CUST_0095_1,CUST_0095,10000,888.7949088877983,0
CARD_CUST_0096_0,CUST_0096,1000,744.6300896837505,0
CARD_CUST_0097_0,CUST_0097,2000,2319.34640659221,0
CARD_CUST_0098_0,CUST_0098,10000,3502.5440488401873,0
CARD_CUST_0099_0,CUST_0099,20000,1268.3668043409466,0
CARD_CUST_0100_0,CUST_0100,20000,2663.965609723486,0
CARD_CUST_0101_0,CUST_0101,1000,2212.8639247322003,0
CARD_CUST_0101_1,CUST_0101,1000,2212.8639247322003,0
CARD_CUST_0102_0,CUST_0102,10000,1881.047584161505,0
CARD_CUST_0103_0,CUST_0103,5000,696.9379706326911,0
CARD_CUST_0103_1,CUST_0103,5000,696.9379706326911,0
CARD_CUST_0104_0,CUST_0104,20000,2144.970016550802,0
CARD_CUST_0105_0,CUST_0105,20000,4149.393689008127,0
CARD_CUST_0106_0,CUST_0106,1000,1999.3787817137795,0
CARD_CUST_0107_0,CUST_0107,20000,4823.4681893149345,1
CARD_CUST_0108_0,CUST_0108,20000,204.16187991561463,0
CARD_CUST_0108_1,CUST_0108,20000,204.16187991561463,0
CARD_CUST_0109_0,CUST_0109,5000,3537.973390911908,0
CARD_CUST_0110_0,CUST_0110,1000,3212.2787844035047,0
CARD_CUST_0111_0,CUST_0111,5000,1548.6233100427055,0
CARD_CUST_0112_0,CUST_0112,10000,1811.1683110254235,0
CARD_CUST_0113_0,CUST_0113,2000,1301.0947793837584,0
CARD_CUST_0114_0,CUST_0114,5000,3551.1762272947767,0
CARD_CUST_0115_0,CUST_0115,20000,1162.2365427528734,0
CARD_CUST_0115_1,CUST_0115,20000,1162.2365427528734,0
CARD_CUST_0115_2,CUST_0115,20000,1162.2365427528734,0
CARD_CUST_0116_0,CUST_0116,2000,2199.8674771447004,0
CARD_CUST_0117_0,CUST_0117,2000,1423.810894105768,0
CARD_CUST_0117_1,CUST_0117,2000,1423.810894105768,0
CARD_CUST_0118_0,CUST_0118,1000,2505.7763929585026,0
CARD_CUST_0119_0,CUST_0119,1000,4855.589109510095,0
CARD_CUST_0120_0,CUST_0120,1000,2191.133611220793,0
CARD_CUST_0121_0,CUST_0121,10000,4101.924843824372,0
CARD_CUST_0122_0,CUST_0122,20000,3685.3800515448706,0
CARD_CUST_0123_0,CUST_0123,1000,819.9651927271759,0
CARD_CUST_0124_0,CUST_0124,1000,3424.163285148112,0
CARD_CUST_0125_0,CUST_0125,2000,2591.192895900286,0
CARD_CUST_0126_0,CUST_0126,10000,4118.651529022699,0
CARD_CUST_0127_0,CUST_0127,1000,1010.5961020868845,0
CARD_CUST_0127_1,CUST_0127,1000,1010.5961020868845,0
CARD_CUST_0127_2,CUST_0127,1000,1010.5961020868845,0
CARD_CUST_0128_0,CUST_0128,20000,3268.9345134763635,0
CARD_CUST_0129_0,CUST_0129,10000,4906.2210804434135,0
CARD_CUST_0130_0,CUST_0130,5000,636.8100370463853,0
CARD_CUST_0131_0,CUST_0131,10000,1630.2053674013623,0
CARD_CUST_0132_0,CUST_0132,10000,2404.864678141628,0
CARD_CUST_0133_0,CUST_0133,20000,4904.15636137029,0
CARD_CUST_0134_0,CUST_0134,5000,1352.6989701353268,0
CARD_CUST_0135_0,CUST_0135,5000,866.3704287171687,0
CARD_CUST_0136_0,CUST_0136,1000,4504.584367548857,0
CARD_CUST_0137_0,CUST_0137,20000,1122.9872902816196,1
CARD_CUST_0138_0,CUST_0138,2000,1049.6503245283848,0
CARD_CUST_0139_0,CUST_0139,10000,1190.401848347804,0
CARD_CUST_0140_0,CUST_0140,5000,388.69827123727487,0
CARD_CUST_0141_0,CUST_0141,5000,2310.093761276352,0
CARD_CUST_0141_1,CUST_0141,5000,2310.093761276352,0
CARD_CUST_0142_0,CUST_0142,1000,3066.9347948260665,0
CARD_CUST_0143_0,CUST_0143,2000,3847.785962900411,0
CARD_CUST_0144_0,CUST_0144,5000,1411.6973328512995,0
CARD_CUST_0145_0,CUST_0145,5000,918.0482430911717,0
CARD_CUST_0145_1,CUST_0145,5000,918.0482430911717,0
CARD_CUST_0145_2,CUST_0145,5000,918.0482430911717,0
CARD_CUST_0146_0,CUST_0146,5000,1363.8584174467023,0
CARD_CUST_0147_0,CUST_0147,1000,4235.40793221407,0
CARD_CUST_0148_0,CUST_0148,1000,1846.0489485356493,0
CARD_CUST_0149_0,CUST_0149,20000,2501.994088420401,0
CARD_CUST_0150_0,CUST_0150,1000,2909.401004108678,0
CARD_CUST_0151_0,CUST_0151,2000,3116.26506700915,0
CARD_CUST_0152_0,CUST_0152,20000,2340.860377023699,1
CARD_CUST_0152_1,CUST_0152,20000,2340.860377023699,1
CARD_CUST_0153_0,CUST_0153,10000,4283.924085613502,0
CARD_CUST_0154_0,CUST_0154,1000,292.5609895879413,0
CARD_CUST_0154_1,CUST_0154,1000,292.5609895879413,0
CARD_CUST_0155_0,CUST_0155,2000,988.2641351557227,0
CARD_CUST_0155_1,CUST_0155,2000,988.2641351557227,0
CARD_CUST_0155_2,CUST_0155,2000,988.2641351557227,0
CARD_CUST_0156_0,CUST_0156,1000,2555.5941404421656,0
CARD_CUST_0157_0,CUST_0157,5000,2943.740909455519,0
CARD_CUST_0158_0,CUST_0158,2000,1753.6603347403695,0
CARD_CUST_0159_0,CUST_0159,10000,751.216758748177,0
CARD_CUST_0160_0,CUST_0160,5000,4673.668842833284,0
CARD_CUST_0161_0,CUST_0161,2000,793.4954222172261,0
CARD_CUST_0161_1,CUST_0161,2000,793.4954222172261,0
CARD_CUST_0161_2,CUST_0161,2000,793.4954222172261,0
CARD_CUST_0162_0,CUST_0162,20000,1742.9717149116,0
CARD_CUST_0162_1,CUST_0162,20000,1742.9717149116,0
CARD_CUST_0163_0,CUST_0163,1000,3059.0659549176526,0
CARD_CUST_0164_0,CUST_0164,1000,4283.491808078983,0
CARD_CUST_0165_0,CUST_0165,5000,2352.017096370491,0
CARD_CUST_0165_1,CUST_0165,5000,2352.017096370491,0
CARD_CUST_0166_0,CUST_0166,10000,1413.592709479902,0
CARD_CUST_0166_1,CUST_0166,10000,1413.592709479902,0
CARD_CUST_0166_2,CUST_0166,10000,1413.592709479902,0
CARD_CUST_0167_0,CUST_0167,10000,492.77426287769083,0
CARD_CUST_0167_1,CUST_0167,10000,492.77426287769083,0
CARD_CUST_0168_0,CUST_0168,2000,4557.757426220077,0
CARD_CUST_0169_0,CUST_0169,5000,3195.6874120728207,0
CARD_CUST_0170_0,CUST_0170,1000,4517.957951717929,0
CARD_CUST_0171_0,CUST_0171,5000,2805.6766909443627,0
CARD_CUST_0172_0,CUST_0172,2000,868.5059487842589,0
CARD_CUST_0173_0,CUST_0173,5000,3985.2666138777477,0
CARD_CUST_0174_0,CUST_0174,5000,3770.9422043488494,1
CARD_CUST_0175_0,CUST_0175,20000,4408.475056456397,0
CARD_CUST_0176_0,CUST_0176,10000,2393.601052552056,0
CARD_CUST_0177_0,CUST_0177,20000,2534.515913578917,0
CARD_CUST_0178_0,CUST_0178,5000,3530.95253344208,0
CARD_CUST_0179_0,CUST_0179,10000,1071.6690406468433,0
CARD_CUST_0180_0,CUST_0180,2000,4746.960030136714,0
CARD_CUST_0181_0,CUST_0181,2000,1567.4901650431548,1
CARD_CUST_0181_1,CUST_0181,2000,1567.4901650431548,1
CARD_CUST_0182_0,CUST_0182,10000,2912.639281228203,0
CARD_CUST_0183_0,CUST_0183,2000,3901.9840088947426,0
CARD_CUST_0184_0,CUST_0184,20000,700.3854370486856,0
CARD_CUST_0185_0,CUST_0185,20000,1642.412585006402,0
CARD_CUST_0185_1,CUST_0185,20000,1642.412585006402,0
CARD_CUST_0185_2,CUST_0185,20000,1642.412585006402,0
CARD_CUST_0186_0,CUST_0186,1000,4375.502537898215,0
CARD_CUST_0187_0,CUST_0187,1000,3772.3983288477866,0
CARD_CUST_0188_0,CUST_0188,1000,748.4830402673012,0
CARD_CUST_0189_0,CUST_0189,2000,2435.3605871303034,0
CARD_CUST_0190_0,CUST_0190,5000,357.6640171685041,0
CARD_CUST_0191_0,CUST_0191,10000,2210.8421576218298,0
CARD_CUST_0192_0,CUST_0192,5000,1078.2895273379152,1
CARD_CUST_0192_1,CUST_0192,5000,1078.2895273379152,1
CARD_CUST_0192_2,CUST_0192,5000,1078.2895273379152,1
CARD_CUST_0193_0,CUST_0193,1000,4813.137523853385,0
CARD_CUST_0194_0,CUST_0194,20000,542.7108914052546,0
CARD_CUST_0194_1,CUST_0194,20000,542.7108914052546,0
CARD_CUST_0195_0,CUST_0195,5000,603.7734234294059,0
CARD_CUST_0195_1,CUST_0195,5000,603.7734234294059,0
CARD_CUST_0196_0,CUST_0196,1000,375.43840567085545,0
CARD_CUST_0197_0,CUST_0197,1000,1307.5108533786836,0
CARD_CUST_0197_1,CUST_0197,1000,1307.5108533786836,0
CARD_CUST_0197_2,CUST_0197,1000,1307.5108533786836,0
CARD_CUST_0198_0,CUST_0198,1000,2123.662692201565,0
CARD_CUST_0199_0,CUST_0199,20000,562.4161462586683,0
CARD_CUST_0200_0,CUST_0200,2000,2161.924021270863,1
CARD_CUST_0201_0,CUST_0201,20000,2158.3255777512545,0
CARD_CUST_0202_0,CUST_0202,5000,2626.4378197089623,0
CARD_CUST_0203_0,CUST_0203,5000,4459.810316064814,0
CARD_CUST_0204_0,CUST_0204,5000,4820.716729063399,0
CARD_CUST_0205_0,CUST_0205,2000,262.409232851533,0
CARD_CUST_0206_0,CUST_0206,20000,4406.931564201411,0
CARD_CUST_0207_0,CUST_0207,20000,1840.7232881498046,0
CARD_CUST_0208_0,CUST_0208,10000,4187.141631513199,0
CARD_CUST_0209_0,CUST_0209,20000,1613.4356458012048,0
CARD_CUST_0210_0,CUST_0210,1000,2184.323142154991,0
CARD_CUST_0210_1,CUST_0210,1000,2184.323142154991,0
CARD_CUST_0211_0,CUST_0211,1000,2526.9361623216614,0
CARD_CUST_0212_0,CUST_0212,20000,1066.1201046327533,0
CARD_CUST_0212_1,CUST_0212,20000,1066.1201046327533,0
CARD_CUST_0213_0,CUST_0213,10000,834.9258134015859,0
CARD_CUST_0214_0,CUST_0214,5000,4148.402604376035,0
CARD_CUST_0215_0,CUST_0215,2000,2860.054412075808,0
CARD_CUST_0216_0,CUST_0216,20000,252.7799775607063,0
CARD_CUST_0217_0,CUST_0217,5000,3067.58289041748,0
CARD_CUST_0218_0,CUST_0218,2000,2294.5886702199036,0
CARD_CUST_0218_1,CUST_0218,2000,2294.5886702199036,0
CARD_CUST_0219_0,CUST_0219,2000,998.1601700291811,0
CARD_CUST_0220_0,CUST_0220,5000,688.8378632351703,0
CARD_CUST_0220_1,CUST_0220,5000,688.8378632351703,0
CARD_CUST_0221_0,CUST_0221,10000,1825.710172442189,0
CARD_CUST_0221_1,CUST_0221,10000,1825.710172442189,0
CARD_CUST_0222_0,CUST_0222,20000,1261.0118606377905,0
CARD_CUST_0222_1,CUST_0222,20000,1261.0118606377905,0
CARD_CUST_0223_0,CUST_0223,5000,1413.1141231627362,0
CARD_CUST_0223_1,CUST_0223,5000,1413.1141231627362,0
CARD_CUST_0223_2,CUST_0223,5000,1413.1141231627362,0
CARD_CUST_0224_0,CUST_0224,2000,3191.9962443439554,0
CARD_CUST_0225_0,CUST_0225,1000,2181.4090429124108,0
CARD_CUST_0226_0,CUST_0226,5000,4131.691124836158,0
CARD_CUST_0227_0,CUST_0227,2000,694.8499808659755,0
CARD_CUST_0228_0,CUST_0228,20000,3992.0650822009093,0
CARD_CUST_0229_0,CUST_0229,5000,1857.3397273829469,0
CARD_CUST_0229_1,CUST_0229,5000,1857.3397273829469,0
CARD_CUST_0230_0,CUST_0230,1000,4536.146300652919,0
CARD_CUST_0231_0,CUST_0231,20000,3415.603829840188,1
CARD_CUST_0232_0,CUST_0232,2000,2926.1371066526212,0
CARD_CUST_0233_0,CUST_0233,1000,1124.475333371026,0
CARD_CUST_0234_0,CUST_0234,2000,3776.309830977058,0
CARD_CUST_0235_0,CUST_0235,2000,1646.911961501973,0
CARD_CUST_0235_1,CUST_0235,2000,1646.911961501973,0
CARD_CUST_0236_0,CUST_0236,10000,2509.097042451615,0
CARD_CUST_0237_0,CUST_0237,10000,2947.6532452806355,0
CARD_CUST_0238_0,CUST_0238,1000,3741.70768115132,0
CARD_CUST_0239_0,CUST_0239,2000,317.1237514713825,0
CARD_CUST_0240_0,CUST_0240,20000,2738.8982433306173,0
CARD_CUST_0241_0,CUST_0241,10000,452.8824126906972,0
CARD_CUST_0242_0,CUST_0242,1000,2987.634594691173,0
CARD_CUST_0243_0,CUST_0243,1000,1814.5782263764258,0
CARD_CUST_0244_0,CUST_0244,5000,2443.0916793807323,0
CARD_CUST_0245_0,CUST_0245,20000,402.047310254537,1
CARD_CUST_0246_0,CUST_0246,1000,2079.824674593709,0
CARD_CUST_0247_0,CUST_0247,20000,1443.1167276887056,0
CARD_CUST_0248_0,CUST_0248,5000,4537.875042441298,0
CARD_CUST_0249_0,CUST_0249,5000,709.1950449474466,0
CARD_CUST_0249_1,CUST_0249,5000,709.1950449474466,0
CARD_CUST_0249_2,CUST_0249,5000,709.1950449474466,0
CARD_CUST_0250_0,CUST_0250,20000,777.6260577679805,1
CARD_CUST_0251_0,CUST_0251,1000,4794.897262319963,0
CARD_CUST_0252_0,CUST_0252,1000,2687.6497600466823,0
CARD_CUST_0253_0,CUST_0253,2000,2673.190036710684,0
CARD_CUST_0254_0,CUST_0254,5000,1277.3147448159712,0
CARD_CUST_0255_0,CUST_0255,10000,2984.413797621494,0
CARD_CUST_0256_0,CUST_0256,5000,273.8905407191533,0
CARD_CUST_0256_1,CUST_0256,5000,273.8905407191533,0
CARD_CUST_0256_2,CUST_0256,5000,273.8905407191533,0
CARD_CUST_0257_0,CUST_0257,2000,4085.677158679415,0
CARD_CUST_0258_0,CUST_0258,2000,2160.5754227393536,0
CARD_CUST_0259_0,CUST_0259,2000,2756.492093123658,0
CARD_CUST_0260_0,CUST_0260,20000,4959.081608696231,0
CARD_CUST_0261_0,CUST_0261,20000,4551.2658533339845,0
CARD_CUST_0262_0,CUST_0262,5000,4349.5658254752725,0
CARD_CUST_0263_0,CUST_0263,10000,2141.3961498261806,0
CARD_CUST_0263_1,CUST_0263,10000,2141.3961498261806,0
CARD_CUST_0264_0,CUST_0264,20000,3547.8630160125613,0
CARD_CUST_0265_0,CUST_0265,20000,4428.179644154857,0
CARD_CUST_0266_0,CUST_0266,2000,272.858454624179,0
CARD_CUST_0266_1,CUST_0266,2000,272.858454624179,0
CARD_CUST_0266_2,CUST_0266,2000,272.858454624179,0
CARD_CUST_0267_0,CUST_0267,2000,4126.241715771498,0
CARD_CUST_0268_0,CUST_0268,2000,525.9276797465271,0
CARD_CUST_0268_1,CUST_0268,2000,525.9276797465271,0
CARD_CUST_0268_2,CUST_0268,2000,525.9276797465271,0
CARD_CUST_0269_0,CUST_0269,2000,3243.2273748781345,0
CARD_CUST_0270_0,CUST_0270,5000,1926.4669660048671,0
CARD_CUST_0270_1,CUST_0270,5000,1926.4669660048671,0
CARD_CUST_0271_0,CUST_0271,10000,3236.585087042951,0
CARD_CUST_0272_0,CUST_0272,10000,1750.925733521952,0
CARD_CUST_0272_1,CUST_0272,10000,1750.925733521952,0
CARD_CUST_0273_0,CUST_0273,10000,174.4276290167014,0
CARD_CUST_0273_1,CUST_0273,10000,174.4276290167014,0
CARD_CUST_0273_2,CUST_0273,10000,174.4276290167014,0
CARD_CUST_0274_0,CUST_0274,5000,4291.590364153509,0
CARD_CUST_0275_0,CUST_0275,10000,1102.7844961097187,0
CARD_CUST_0275_1,CUST_0275,10000,1102.7844961097187,0
CARD_CUST_0275_2,CUST_0275,10000,1102.7844961097187,0
CARD_CUST_0276_0,CUST_0276,5000,4143.262147555716,0
CARD_CUST_0277_0,CUST_0277,2000,204.9415032590403,0
CARD_CUST_0278_0,CUST_0278,1000,690.5293745298511,0
CARD_CUST_0279_0,CUST_0279,20000,1632.1972687519644,0
CARD_CUST_0280_0,CUST_0280,5000,1511.6457295914047,0
CARD_CUST_0281_0,CUST_0281,20000,4729.356416804475,0
CARD_CUST_0282_0,CUST_0282,5000,1516.2329712736162,0
CARD_CUST_0283_0,CUST_0283,2000,611.4512896601999,1
CARD_CUST_0283_1,CUST_0283,2000,611.4512896601999,1
CARD_CUST_0284_0,CUST_0284,2000,2174.4597996151288,0
CARD_CUST_0284_1,CUST_0284,2000,2174.4597996151288,0
CARD_CUST_0285_0,CUST_0285,1000,4369.391206186931,0
CARD_CUST_0286_0,CUST_0286,2000,3852.9151565263946,0
CARD_CUST_0287_0,CUST_0287,10000,4844.054065346133,0
CARD_CUST_0288_0,CUST_0288,1000,3115.0709516608217,0
CARD_CUST_0289_0,CUST_0289,1000,971.9622515753123,0
CARD_CUST_0290_0,CUST_0290,5000,4924.886755533939,0
CARD_CUST_0291_0,CUST_0291,2000,2503.7064066421926,0
CARD_CUST_0292_0,CUST_0292,1000,1442.862502169394,0
CARD_CUST_0292_1,CUST_0292,1000,1442.862502169394,0
CARD_CUST_0292_2,CUST_0292,1000,1442.862502169394,0
CARD_CUST_0293_0,CUST_0293,5000,703.6648564072393,0
CARD_CUST_0294_0,CUST_0294,10000,3571.831858611699,0
CARD_CUST_0295_0,CUST_0295,1000,2685.015888246615,0
CARD_CUST_0296_0,CUST_0296,20000,577.1767863440996,0
CARD_CUST_0297_0,CUST_0297,2000,3509.4318518588757,0
CARD_CUST_0298_0,CUST_0298,10000,701.9256336051212,0
CARD_CUST_0299_0,CUST_0299,1000,4693.818781969711,0
CARD_CUST_0300_0,CUST_0300,10000,4380.651793981211,0
CARD_CUST_0301_0,CUST_0301,5000,841.7041827851317,0
CARD_CUST_0301_1,CUST_0301,5000,841.7041827851317,0
CARD_CUST_0301_2,CUST_0301,5000,841.7041827851317,0
CARD_CUST_0302_0,CUST_0302,2000,1981.1981282052686,0
CARD_CUST_0302_1,CUST_0302,2000,1981.1981282052686,0
CARD_CUST_0303_0,CUST_0303,5000,3679.16748739548,0
CARD_CUST_0304_0,CUST_0304,20000,3155.5617053227656,0
CARD_CUST_0305_0,CUST_0305,20000,3990.5528342838998,0
CARD_CUST_0306_0,CUST_0306,2000,3335.6624923391846,0
CARD_CUST_0307_0,CUST_0307,5000,591.3271498516482,0
CARD_CUST_0308_0,CUST_0308,1000,4234.171550129281,0
CARD_CUST_0309_0,CUST_0309,20000,4261.977401691437,0
CARD_CUST_0310_0,CUST_0310,10000,2623.2554330864855,0
CARD_CUST_0311_0,CUST_0311,10000,341.093339631235,0
CARD_CUST_0312_0,CUST_0312,2000,1335.3964180356772,0
CARD_CUST_0312_1,CUST_0312,2000,1335.3964180356772,0
CARD_CUST_0312_2,CUST_0312,2000,1335.3964180356772,0
CARD_CUST_0313_0,CUST_0313,20000,403.7261690757332,0
CARD_CUST_0313_1,CUST_0313,20000,403.7261690757332,0
CARD_CUST_0313_2,CUST_0313,20000,403.7261690757332,0
CARD_CUST_0314_0,CUST_0314,1000,415.7624443054235,0
CARD_CUST_0314_1,CUST_0314,1000,415.7624443054235,0
CARD_CUST_0315_0,CUST_0315,2000,1340.2079596346127,0
CARD_CUST_0316_0,CUST_0316,20000,1149.1969331603837,0
CARD_CUST_0316_1,CUST_0316,20000,1149.1969331603837,0
CARD_CUST_0317_0,CUST_0317,1000,3380.5821392399375,0
CARD_CUST_0318_0,CUST_0318,1000,1057.7102707290667,0
CARD_CUST_0318_1,CUST_0318,1000,1057.7102707290667,0
CARD_CUST_0319_0,CUST_0319,10000,828.1935714480792,0
CARD_CUST_0320_0,CUST_0320,2000,276.39219359203037,0
CARD_CUST_0320_1,CUST_0320,2000,276.39219359203037,0
CARD_CUST_0321_0,CUST_0321,10000,4178.640156236525,0
CARD_CUST_0322_0,CUST_0322,10000,1796.26532052507,0
CARD_CUST_0322_1,CUST_0322,10000,1796.26532052507,0
CARD_CUST_0323_0,CUST_0323,5000,1244.9098907716914,0
CARD_CUST_0323_1,CUST_0323,5000,1244.9098907716914,0
CARD_CUST_0323_2,CUST_0323,5000,1244.9098907716914,0
CARD_CUST_0324_0,CUST_0324,10000,2342.569503260411,0
CARD_CUST_0325_0,CUST_0325,20000,364.10127650795926,0
CARD_CUST_0326_0,CUST_0326,10000,149.3816062531098,0
CARD_CUST_0326_1,CUST_0326,10000,149.3816062531098,0
CARD_CUST_0326_2,CUST_0326,10000,149.3816062531098,0
CARD_CUST_0327_0,CUST_0327,20000,625.0668042715587,0
CARD_CUST_0328_0,CUST_0328,2000,1053.7095723145624,0
CARD_CUST_0328_1,CUST_0328,2000,1053.7095723145624,0
CARD_CUST_0329_0,CUST_0329,2000,1751.027153937337,0
CARD_CUST_0330_0,CUST_0330,5000,2546.4635852332167,0
CARD_CUST_0331_0,CUST_0331,20000,889.0033377890857,0
CARD_CUST_0332_0,CUST_0332,2000,1104.075602074887,0
CARD_CUST_0333_0,CUST_0333,20000,2412.0323987689576,0
CARD_CUST_0333_1,CUST_0333,20000,2412.0323987689576,0
CARD_CUST_0334_0,CUST_0334,2000,1996.6244822710048,1
CARD_CUST_0335_0,CUST_0335,1000,345.85788654481695,0
CARD_CUST_0336_0,CUST_0336,1000,1235.2407315090425,0
CARD_CUST_0337_0,CUST_0337,1000,711.6465454783555,0
CARD_CUST_0338_0,CUST_0338,1000,2179.452802066349,0
CARD_CUST_0338_1,CUST_0338,1000,2179.452802066349,0
CARD_CUST_0339_0,CUST_0339,20000,528.5636195156876,0
CARD_CUST_0339_1,CUST_0339,20000,528.5636195156876,0
CARD_CUST_0339_2,CUST_0339,20000,528.5636195156876,0
CARD_CUST_0340_0,CUST_0340,10000,3404.4482507052066,0
CARD_CUST_0341_0,CUST_0341,5000,2185.3615012973705,0
CARD_CUST_0341_1,CUST_0341,5000,2185.3615012973705,0
CARD_CUST_0342_0,CUST_0342,1000,888.1149469241946,0
CARD_CUST_0342_1,CUST_0342,1000,888.1149469241946,0
CARD_CUST_0343_0,CUST_0343,20000,2026.014580317429,0
CARD_CUST_0344_0,CUST_0344,1000,777.7377910685891,1
CARD_CUST_0344_1,CUST_0344,1000,777.7377910685891,1
CARD_CUST_0344_2,CUST_0344,1000,777.7377910685891,1
CARD_CUST_0345_0,CUST_0345,2000,3844.852774029757,0
CARD_CUST_0346_0,CUST_0346,2000,2500.0730126227086,1
CARD_CUST_0347_0,CUST_0347,20000,1057.1746741525612,0
CARD_CUST_0347_1,CUST_0347,20000,1057.1746741525612,0
CARD_CUST_0348_0,CUST_0348,5000,3871.4396554022155,0
CARD_CUST_0349_0,CUST_0349,5000,143.7581984232679,0
CARD_CUST_0349_1,CUST_0349,5000,143.7581984232679,0
CARD_CUST_0350_0,CUST_0350,20000,2255.2733174799687,0
CARD_CUST_0350_1,CUST_0350,20000,2255.2733174799687,0
CARD_CUST_0351_0,CUST_0351,10000,4685.2929286664685,0
CARD_CUST_0352_0,CUST_0352,10000,716.2637625292191,0
CARD_CUST_0352_1,CUST_0352,10000,716.2637625292191,0
CARD_CUST_0353_0,CUST_0353,10000,2787.9741280412213,0
CARD_CUST_0354_0,CUST_0354,2000,1508.595203520962,0
CARD_CUST_0355_0,CUST_0355,10000,1070.9040689390094,0
CARD_CUST_0356_0,CUST_0356,1000,974.3662180729124,0
CARD_CUST_0356_1,CUST_0356,1000,974.3662180729124,0
CARD_CUST_0356_2,CUST_0356,1000,974.3662180729124,0
CARD_CUST_0357_0,CUST_0357,1000,1992.8464785842605,0
CARD_CUST_0358_0,CUST_0358,20000,4444.191024072357,0
CARD_CUST_0359_0,CUST_0359,2000,1931.7080917308792,0
CARD_CUST_0360_0,CUST_0360,2000,713.5479947422535,0
CARD_CUST_0360_1,CUST_0360,2000,713.5479947422535,0
CARD_CUST_0361_0,CUST_0361,10000,3422.8384137469493,0
CARD_CUST_0362_0,CUST_0362,1000,2234.9351019838496,0
CARD_CUST_0363_0,CUST_0363,2000,2469.8814350392745,0
CARD_CUST_0364_0,CUST_0364,5000,3114.0513732261475,0
CARD_CUST_0365_0,CUST_0365,20000,1526.7432044468153,0
CARD_CUST_0365_1,CUST_0365,20000,1526.7432044468153,0
CARD_CUST_0366_0,CUST_0366,20000,3444.0379764194045,0
CARD_CUST_0367_0,CUST_0367,1000,275.94124047479573,0
CARD_CUST_0368_0,CUST_0368,2000,606.2300790753393,0
CARD_CUST_0368_1,CUST_0368,2000,606.2300790753393,0
CARD_CUST_0368_2,CUST_0368,2000,606.2300790753393,0
CARD_CUST_0369_0,CUST_0369,20000,4492.116198387767,0
CARD_CUST_0370_0,CUST_0370,1000,1054.1159200997015,0
CARD_CUST_0370_1,CUST_0370,1000,1054.1159200997015,0
CARD_CUST_0370_2,CUST_0370,1000,1054.1159200997015,0
CARD_CUST_0371_0,CUST_0371,20000,535.6717074052838,0
CARD_CUST_0372_0,CUST_0372,2000,1732.3166346482833,0
CARD_CUST_0372_1,CUST_0372,2000,1732.3166346482833,0
CARD_CUST_0373_0,CUST_0373,2000,4971.868933861604,0
CARD_CUST_0374_0,CUST_0374,10000,488.68324448376904,0
CARD_CUST_0375_0,CUST_0375,20000,1756.0117379695978,0
CARD_CUST_0375_1,CUST_0375,20000,1756.0117379695978,0
CARD_CUST_0376_0,CUST_0376,1000,2072.3354653626084,1
CARD_CUST_0376_1,CUST_0376,1000,2072.3354653626084,1
CARD_CUST_0377_0,CUST_0377,10000,1239.7277044149246,0
CARD_CUST_0377_1,CUST_0377,10000,1239.7277044149246,0
CARD_CUST_0378_0,CUST_0378,20000,3738.4650800347667,0
CARD_CUST_0379_0,CUST_0379,20000,323.0299465105358,0
CARD_CUST_0379_1,CUST_0379,20000,323.0299465105358,0
CARD_CUST_0380_0,CUST_0380,1000,1560.3673903834992,0
CARD_CUST_0380_1,CUST_0380,1000,1560.3673903834992,0
CARD_CUST_0381_0,CUST_0381,10000,1655.0161085375773,0
CARD_CUST_0382_0,CUST_0382,2000,2348.698775274551,0
CARD_CUST_0382_1,CUST_0382,2000,2348.698775274551,0
CARD_CUST_0383_0,CUST_0383,2000,1541.4264000654814,0
CARD_CUST_0383_1,CUST_0383,2000,1541.4264000654814,0
CARD_CUST_0384_0,CUST_0384,10000,4286.83979717646,0
CARD_CUST_0385_0,CUST_0385,2000,3214.160253308652,0
CARD_CUST_0386_0,CUST_0386,5000,3992.1460942738945,0
CARD_CUST_0387_0,CUST_0387,5000,1032.9176719352415,0
CARD_CUST_0388_0,CUST_0388,2000,3276.665971257594,0
CARD_CUST_0389_0,CUST_0389,1000,4629.234514464293,0
CARD_CUST_0390_0,CUST_0390,20000,1724.1509498083378,0
CARD_CUST_0391_0,CUST_0391,20000,784.457173401319,0
CARD_CUST_0392_0,CUST_0392,10000,583.8338929246494,0
CARD_CUST_0393_0,CUST_0393,10000,1154.8280527189843,0
CARD_CUST_0393_1,CUST_0393,10000,1154.8280527189843,0
CARD_CUST_0394_0,CUST_0394,5000,1058.007394503194,0
CARD_CUST_0394_1,CUST_0394,5000,1058.007394503194,0
CARD_CUST_0394_2,CUST_0394,5000,1058.007394503194,0
CARD_CUST_0395_0,CUST_0395,20000,3947.655613128511,0
CARD_CUST_0396_0,CUST_0396,2000,159.1155642608533,0
CARD_CUST_0396_1,CUST_0396,2000,159.1155642608533,0
CARD_CUST_0396_2,CUST_0396,2000,159.1155642608533,0
CARD_CUST_0397_0,CUST_0397,1000,882.7969696985416,0
CARD_CUST_0398_0,CUST_0398,10000,3166.648036578493,0
CARD_CUST_0399_0,CUST_0399,10000,1670.0173797757361,0
CARD_CUST_0400_0,CUST_0400,2000,827.4098083529575,0
CARD_CUST_0401_0,CUST_0401,5000,982.6224421054951,0
CARD_CUST_0401_1,CUST_0401,5000,982.6224421054951,0
CARD_CUST_0402_0,CUST_0402,20000,1946.3317447392155,1
CARD_CUST_0402_1,CUST_0402,20000,1946.3317447392155,1
CARD_CUST_0403_0,CUST_0403,20000,292.1229287506721,0
CARD_CUST_0404_0,CUST_0404,20000,1232.96898568274,1
CARD_CUST_0405_0,CUST_0405,20000,4047.37813703835,0
CARD_CUST_0406_0,CUST_0406,1000,2830.2055470737264,0
CARD_CUST_0407_0,CUST_0407,20000,2543.5574577045354,0
CARD_CUST_0408_0,CUST_0408,2000,2484.8870209700794,0
CARD_CUST_0409_0,CUST_0409,2000,1984.0397052089365,0
CARD_CUST_0409_1,CUST_0409,2000,1984.0397052089365,0
CARD_CUST_0410_0,CUST_0410,1000,1575.1964929278854,0
CARD_CUST_0410_1,CUST_0410,1000,1575.1964929278854,0
CARD_CUST_0410_2,CUST_0410,1000,1575.1964929278854,0
CARD_CUST_0411_0,CUST_0411,2000,4665.530647221553,0
CARD_CUST_0412_0,CUST_0412,5000,859.3900322042376,0
CARD_CUST_0412_1,CUST_0412,5000,859.3900322042376,0
CARD_CUST_0412_2,CUST_0412,5000,859.3900322042376,0
CARD_CUST_0413_0,CUST_0413,1000,519.9297946913118,0
CARD_CUST_0414_0,CUST_0414,10000,2658.6652199008377,0
CARD_CUST_0415_0,CUST_0415,5000,3363.370564177668,0
CARD_CUST_0416_0,CUST_0416,20000,2641.1805893483765,0
CARD_CUST_0417_0,CUST_0417,5000,1619.8665989397389,0
CARD_CUST_0417_1,CUST_0417,5000,1619.8665989397389,0
CARD_CUST_0417_2,CUST_0417,5000,1619.8665989397389,0
CARD_CUST_0418_0,CUST_0418,5000,2178.2284652613034,0
CARD_CUST_0419_0,CUST_0419,2000,300.5358129483815,0
CARD_CUST_0420_0,CUST_0420,1000,4884.756078074204,0
CARD_CUST_0421_0,CUST_0421,10000,3918.242147061382,0
CARD_CUST_0422_0,CUST_0422,2000,873.3172082671081,0
CARD_CUST_0422_1,CUST_0422,2000,873.3172082671081,0
CARD_CUST_0423_0,CUST_0423,20000,2995.628759394783,0
CARD_CUST_0424_0,CUST_0424,2000,814.8595825577602,0
CARD_CUST_0425_0,CUST_0425,1000,1986.4017144200639,0
CARD_CUST_0426_0,CUST_0426,2000,4726.764021174597,0
CARD_CUST_0427_0,CUST_0427,5000,4457.239521004493,0
CARD_CUST_0428_0,CUST_0428,1000,1440.471777400727,0
CARD_CUST_0429_0,CUST_0429,20000,4896.30693824286,0
CARD_CUST_0430_0,CUST_0430,10000,229.2596967952627,0
CARD_CUST_0430_1,CUST_0430,10000,229.2596967952627,0
CARD_CUST_0431_0,CUST_0431,10000,203.616965912828,0
CARD_CUST_0431_1,CUST_0431,10000,203.616965912828,0
CARD_CUST_0432_0,CUST_0432,10000,2062.684791656668,0
CARD_CUST_0432_1,CUST_0432,10000,2062.684791656668,0
CARD_CUST_0433_0,CUST_0433,10000,3717.4474148780027,0
CARD_CUST_0434_0,CUST_0434,5000,1628.2325663303388,0
CARD_CUST_0435_0,CUST_0435,10000,3254.1984991003906,0
CARD_CUST_0436_0,CUST_0436,2000,122.39588758502391,0
CARD_CUST_0436_1,CUST_0436,2000,122.39588758502391,0
CARD_CUST_0437_0,CUST_0437,10000,676.0548780186364,0
CARD_CUST_0438_0,CUST_0438,1000,2864.407756650974,0
CARD_CUST_0439_0,CUST_0439,2000,1905.8459296915491,0
CARD_CUST_0440_0,CUST_0440,2000,3852.7556481348506,1
CARD_CUST_0441_0,CUST_0441,1000,4798.752704573025,0
CARD_CUST_0442_0,CUST_0442,5000,4982.404820610787,0
CARD_CUST_0443_0,CUST_0443,2000,2226.869873116179,0
CARD_CUST_0443_1,CUST_0443,2000,2226.869873116179,0
CARD_CUST_0444_0,CUST_0444,20000,339.5426256509779,0
CARD_CUST_0445_0,CUST_0445,10000,2131.1701984954684,0
CARD_CUST_0446_0,CUST_0446,20000,2983.92217965503,0
CARD_CUST_0447_0,CUST_0447,2000,3076.9710351820827,0
CARD_CUST_0448_0,CUST_0448,1000,3255.1551250359394,0
CARD_CUST_0449_0,CUST_0449,2000,1798.4342433781978,0
CARD_CUST_0449_1,CUST_0449,2000,1798.4342433781978,0
CARD_CUST_0450_0,CUST_0450,10000,787.4084351608541,0
CARD_CUST_0451_0,CUST_0451,10000,250.10134455368424,0
CARD_CUST_0451_1,CUST_0451,10000,250.10134455368424,0
CARD_CUST_0452_0,CUST_0452,10000,1637.328850361056,0
CARD_CUST_0453_0,CUST_0453,5000,3492.374101039346,0
CARD_CUST_0454_0,CUST_0454,1000,2380.7506070334202,0
CARD_CUST_0454_1,CUST_0454,1000,2380.7506070334202,0
CARD_CUST_0455_0,CUST_0455,2000,993.4117326568378,0
CARD_CUST_0456_0,CUST_0456,20000,3548.8190120963604,0
CARD_CUST_0457_0,CUST_0457,2000,4293.094495403414,0
CARD_CUST_0458_0,CUST_0458,20000,2508.3488036147346,0
CARD_CUST_0459_0,CUST_0459,2000,293.44363301709916,0
CARD_CUST_0459_1,CUST_0459,2000,293.44363301709916,0
CARD_CUST_0460_0,CUST_0460,1000,233.74017830537196,0
CARD_CUST_0461_0,CUST_0461,10000,1057.2064712889508,0
CARD_CUST_0461_1,CUST_0461,10000,1057.2064712889508,0
CARD_CUST_0462_0,CUST_0462,10000,207.0277800951077,1
CARD_CUST_0462_1,CUST_0462,10000,207.0277800951077,1
CARD_CUST_0463_0,CUST_0463,10000,3978.2076924876997,0
CARD_CUST_0464_0,CUST_0464,2000,1418.329764724301,0
CARD_CUST_0464_1,CUST_0464,2000,1418.329764724301,0
CARD_CUST_0464_2,CUST_0464,2000,1418.329764724301,0
CARD_CUST_0465_0,CUST_0465,5000,500.7353765857017,0
CARD_CUST_0466_0,CUST_0466,2000,724.419630827797,0
CARD_CUST_0466_1,CUST_0466,2000,724.419630827797,0
CARD_CUST_0466_2,CUST_0466,2000,724.419630827797,0
CARD_CUST_0467_0,CUST_0467,5000,4824.293284225042,0
CARD_CUST_0468_0,CUST_0468,2000,2210.2079315559745,0
CARD_CUST_0469_0,CUST_0469,20000,1431.3442997323896,0
CARD_CUST_0470_0,CUST_0470,1000,2426.875936104014,0
CARD_CUST_0471_0,CUST_0471,1000,305.7687694280201,0
CARD_CUST_0472_0,CUST_0472,1000,1356.1381872984794,0
CARD_CUST_0472_1,CUST_0472,1000,1356.1381872984794,0
CARD_CUST_0473_0,CUST_0473,5000,524.8081371200076,0
CARD_CUST_0474_0,CUST_0474,2000,2526.5421782242256,0
CARD_CUST_0475_0,CUST_0475,1000,1705.65360958986,0
CARD_CUST_0475_1,CUST_0475,1000,1705.65360958986,0
CARD_CUST_0476_0,CUST_0476,10000,498.910908233051,0
CARD_CUST_0477_0,CUST_0477,5000,149.79719075349612,0
CARD_CUST_0477_1,CUST_0477,5000,149.79719075349612,0
CARD_CUST_0477_2,CUST_0477,5000,149.79719075349612,0
CARD_CUST_0478_0,CUST_0478,10000,1407.6346218028375,0
CARD_CUST_0478_1,CUST_0478,10000,1407.6346218028375,0
CARD_CUST_0479_0,CUST_0479,20000,1122.0736528982543,0
CARD_CUST_0479_1,CUST_0479,20000,1122.0736528982543,0
CARD_CUST_0479_2,CUST_0479,20000,1122.0736528982543,0
CARD_CUST_0480_0,CUST_0480,1000,1444.4374200997886,0
CARD_CUST_0480_1,CUST_0480,1000,1444.4374200997886,0
CARD_CUST_0481_0,CUST_0481,1000,651.9291686033499,0
CARD_CUST_0482_0,CUST_0482,10000,4032.0521034767758,0
CARD_CUST_0483_0,CUST_0483,2000,324.17913274070946,0
CARD_CUST_0483_1,CUST_0483,2000,324.17913274070946,0
CARD_CUST_0484_0,CUST_0484,2000,651.3733012844785,0
CARD_CUST_0485_0,CUST_0485,20000,1699.2756890504652,0
CARD_CUST_0486_0,CUST_0486,2000,958.1831496096704,0
CARD_CUST_0487_0,CUST_0487,5000,647.6278452810833,0
CARD_CUST_0487_1,CUST_0487,5000,647.6278452810833,0
CARD_CUST_0487_2,CUST_0487,5000,647.6278452810833,0
CARD_CUST_0488_0,CUST_0488,1000,3070.9406209712865,1
CARD_CUST_0489_0,CUST_0489,10000,4137.8120357550715,0
CARD_CUST_0490_0,CUST_0490,5000,4435.598568355226,0
CARD_CUST_0491_0,CUST_0491,1000,2205.2527005204784,0
CARD_CUST_0492_0,CUST_0492,2000,996.583497419768,0
CARD_CUST_0493_0,CUST_0493,5000,3496.9327888401394,0
CARD_CUST_0494_0,CUST_0494,2000,1206.8141488816705,0
CARD_CUST_0495_0,CUST_0495,20000,811.5754750799566,0
CARD_CUST_0495_1,CUST_0495,20000,811.5754750799566,0
CARD_CUST_0496_0,CUST_0496,10000,4942.714719933315,0
CARD_CUST_0497_0,CUST_0497,20000,710.3727548279602,0
CARD_CUST_0497_1,CUST_0497,20000,710.3727548279602,0
CARD_CUST_0498_0,CUST_0498,2000,686.4158578875188,0
CARD_CUST_0498_1,CUST_0498,2000,686.4158578875188,0
CARD_CUST_0499_0,CUST_0499,20000,2216.5698936690796,0
